index,time_id,ref_year,ref_month
0,187205,1872,5
1,187206,1872,6
2,187207,1872,7
3,187208,1872,8
4,187209,1872,9
5,187210,1872,10
6,187211,1872,11
7,187212,1872,12
8,187301,1873,1
9,187302,1873,2
10,187303,1873,3
11,187304,1873,4
12,187305,1873,5
13,187306,1873,6
14,187307,1873,7
15,187308,1873,8
16,187309,1873,9
17,187310,1873,10
18,187311,1873,11
19,187312,1873,12
20,187401,1874,1
21,187402,1874,2
22,187403,1874,3
23,187404,1874,4
24,187405,1874,5
25,187406,1874,6
26,187407,1874,7
27,187408,1874,8
28,187409,1874,9
29,187410,1874,10
30,187411,1874,11
31,187412,1874,12
32,187501,1875,1
33,187502,1875,2
34,187503,1875,3
35,187504,1875,4
36,187505,1875,5
37,187506,1875,6
38,187507,1875,7
39,187508,1875,8
40,187509,1875,9
41,187510,1875,10
42,187511,1875,11
43,187512,1875,12
44,187601,1876,1
45,187602,1876,2
46,187603,1876,3
47,187604,1876,4
48,187605,1876,5
49,187606,1876,6
50,187607,1876,7
51,187608,1876,8
52,187609,1876,9
53,187611,1876,11
54,187612,1876,12
55,187701,1877,1
56,187702,1877,2
57,187703,1877,3
58,187704,1877,4
59,187705,1877,5
60,187706,1877,6
61,187707,1877,7
62,187708,1877,8
63,187709,1877,9
64,187710,1877,10
65,187712,1877,12
66,187801,1878,1
67,187802,1878,2
68,187803,1878,3
69,187804,1878,4
70,187805,1878,5
71,187806,1878,6
72,187807,1878,7
73,187808,1878,8
74,187809,1878,9
75,187810,1878,10
76,187811,1878,11
77,187812,1878,12
78,187901,1879,1
79,187902,1879,2
80,187903,1879,3
81,187904,1879,4
82,187905,1879,5
83,187906,1879,6
84,187907,1879,7
85,187908,1879,8
86,187909,1879,9
87,187910,1879,10
88,187911,1879,11
89,187912,1879,12
90,188001,1880,1
91,188002,1880,2
92,188003,1880,3
93,188004,1880,4
94,188005,1880,5
95,188006,1880,6
96,188007,1880,7
97,188008,1880,8
98,188009,1880,9
99,188010,1880,10
100,188011,1880,11
101,188012,1880,12
102,188101,1881,1
103,188102,1881,2
104,188103,1881,3
105,188104,1881,4
106,188105,1881,5
107,188106,1881,6
108,188107,1881,7
109,188108,1881,8
110,188109,1881,9
111,188110,1881,10
112,188111,1881,11
113,188112,1881,12
114,188201,1882,1
115,188202,1882,2
116,188203,1882,3
117,188204,1882,4
118,188205,1882,5
119,188206,1882,6
120,188207,1882,7
121,188208,1882,8
122,188209,1882,9
123,188210,1882,10
124,188211,1882,11
125,188212,1882,12
126,188301,1883,1
127,188302,1883,2
128,188303,1883,3
129,188304,1883,4
130,188305,1883,5
131,188306,1883,6
132,188307,1883,7
133,188308,1883,8
134,188309,1883,9
135,188310,1883,10
136,188311,1883,11
137,188312,1883,12
138,188401,1884,1
139,188402,1884,2
140,188403,1884,3
141,188404,1884,4
142,188405,1884,5
143,188406,1884,6
144,188407,1884,7
145,188408,1884,8
146,188409,1884,9
147,188410,1884,10
148,188411,1884,11
149,188412,1884,12
150,188501,1885,1
151,188502,1885,2
152,188503,1885,3
153,188504,1885,4
154,188505,1885,5
155,188506,1885,6
156,188507,1885,7
157,188508,1885,8
158,188509,1885,9
159,188510,1885,10
160,188511,1885,11
161,188512,1885,12
162,188601,1886,1
163,188602,1886,2
164,188603,1886,3
165,188604,1886,4
166,188605,1886,5
167,188606,1886,6
168,188607,1886,7
169,188608,1886,8
170,188609,1886,9
171,188610,1886,10
172,188611,1886,11
173,188612,1886,12
174,188701,1887,1
175,188702,1887,2
176,188703,1887,3
177,188704,1887,4
178,188705,1887,5
179,188706,1887,6
180,188707,1887,7
181,188708,1887,8
182,188709,1887,9
183,188710,1887,10
184,188711,1887,11
185,188712,1887,12
186,188801,1888,1
187,188802,1888,2
188,188803,1888,3
189,188804,1888,4
190,188805,1888,5
191,188806,1888,6
192,188807,1888,7
193,188808,1888,8
194,188809,1888,9
195,188810,1888,10
196,188811,1888,11
197,188812,1888,12
198,188901,1889,1
199,188902,1889,2
200,188903,1889,3
201,188904,1889,4
202,188905,1889,5
203,188906,1889,6
204,188907,1889,7
205,188908,1889,8
206,188909,1889,9
207,188910,1889,10
208,188911,1889,11
209,188912,1889,12
210,189001,1890,1
211,189002,1890,2
212,189003,1890,3
213,189004,1890,4
214,189005,1890,5
215,189006,1890,6
216,189007,1890,7
217,189008,1890,8
218,189009,1890,9
219,189010,1890,10
220,189011,1890,11
221,189012,1890,12
222,189101,1891,1
223,189102,1891,2
224,189103,1891,3
225,189104,1891,4
226,189105,1891,5
227,189106,1891,6
228,189107,1891,7
229,189108,1891,8
230,189109,1891,9
231,189110,1891,10
232,189111,1891,11
233,189112,1891,12
234,189201,1892,1
235,189202,1892,2
236,189203,1892,3
237,189204,1892,4
238,189205,1892,5
239,189206,1892,6
240,189207,1892,7
241,189208,1892,8
242,189209,1892,9
243,189210,1892,10
244,189211,1892,11
245,189212,1892,12
246,189301,1893,1
247,189302,1893,2
248,189303,1893,3
249,189304,1893,4
250,189305,1893,5
251,189306,1893,6
252,189307,1893,7
253,189308,1893,8
254,189309,1893,9
255,189310,1893,10
256,189311,1893,11
257,189312,1893,12
258,189401,1894,1
259,189402,1894,2
260,189403,1894,3
261,189404,1894,4
262,189405,1894,5
263,189406,1894,6
264,189407,1894,7
265,189408,1894,8
266,189409,1894,9
267,189410,1894,10
268,189411,1894,11
269,189412,1894,12
270,189501,1895,1
271,189502,1895,2
272,189503,1895,3
273,189504,1895,4
274,189505,1895,5
275,189506,1895,6
276,189507,1895,7
277,189508,1895,8
278,189509,1895,9
279,189510,1895,10
280,189511,1895,11
281,189512,1895,12
282,189601,1896,1
283,189602,1896,2
284,189603,1896,3
285,189604,1896,4
286,189605,1896,5
287,189606,1896,6
288,189607,1896,7
289,189608,1896,8
290,189609,1896,9
291,189610,1896,10
292,189611,1896,11
293,189612,1896,12
294,189701,1897,1
295,189702,1897,2
296,189703,1897,3
297,189704,1897,4
298,189705,1897,5
299,189706,1897,6
300,189707,1897,7
301,189708,1897,8
302,189709,1897,9
303,189710,1897,10
304,189711,1897,11
305,189712,1897,12
306,189801,1898,1
307,189802,1898,2
308,189803,1898,3
309,189804,1898,4
310,189805,1898,5
311,189806,1898,6
312,189807,1898,7
313,189808,1898,8
314,189809,1898,9
315,189810,1898,10
316,189811,1898,11
317,189812,1898,12
318,189901,1899,1
319,189902,1899,2
320,189903,1899,3
321,189904,1899,4
322,189905,1899,5
323,189906,1899,6
324,189907,1899,7
325,189908,1899,8
326,189909,1899,9
327,189910,1899,10
328,189911,1899,11
329,189912,1899,12
330,190001,1900,1
331,190002,1900,2
332,190003,1900,3
333,190004,1900,4
334,190005,1900,5
335,190006,1900,6
336,190007,1900,7
337,190008,1900,8
338,190009,1900,9
339,190010,1900,10
340,190011,1900,11
341,190012,1900,12
342,190101,1901,1
343,190102,1901,2
344,190103,1901,3
345,190104,1901,4
346,190105,1901,5
347,190106,1901,6
348,190107,1901,7
349,190108,1901,8
350,190109,1901,9
351,190110,1901,10
352,190111,1901,11
353,190112,1901,12
354,190201,1902,1
355,190202,1902,2
356,190203,1902,3
357,190204,1902,4
358,190205,1902,5
359,190206,1902,6
360,190207,1902,7
361,190208,1902,8
362,190209,1902,9
363,190210,1902,10
364,190211,1902,11
365,190212,1902,12
366,190301,1903,1
367,190302,1903,2
368,190303,1903,3
369,190304,1903,4
370,190305,1903,5
371,190306,1903,6
372,190307,1903,7
373,190308,1903,8
374,190309,1903,9
375,190310,1903,10
376,190311,1903,11
377,190312,1903,12
378,190401,1904,1
379,190402,1904,2
380,190403,1904,3
381,190404,1904,4
382,190405,1904,5
383,190406,1904,6
384,190407,1904,7
385,190408,1904,8
386,190409,1904,9
387,190410,1904,10
388,190411,1904,11
389,190412,1904,12
390,190501,1905,1
391,190502,1905,2
392,190503,1905,3
393,190504,1905,4
394,190505,1905,5
395,190506,1905,6
396,190507,1905,7
397,190508,1905,8
398,190509,1905,9
399,190510,1905,10
400,190511,1905,11
401,190512,1905,12
402,190601,1906,1
403,190602,1906,2
404,190603,1906,3
405,190604,1906,4
406,190605,1906,5
407,190606,1906,6
408,190607,1906,7
409,190608,1906,8
410,190609,1906,9
411,190610,1906,10
412,190611,1906,11
413,190612,1906,12
414,190701,1907,1
415,190702,1907,2
416,190703,1907,3
417,190704,1907,4
418,190705,1907,5
419,190706,1907,6
420,190707,1907,7
421,190708,1907,8
422,190709,1907,9
423,190710,1907,10
424,190711,1907,11
425,190712,1907,12
426,190801,1908,1
427,190802,1908,2
428,190803,1908,3
429,190804,1908,4
430,190805,1908,5
431,190806,1908,6
432,190807,1908,7
433,190808,1908,8
434,190809,1908,9
435,190810,1908,10
436,190811,1908,11
437,190812,1908,12
438,190901,1909,1
439,190902,1909,2
440,190903,1909,3
441,190904,1909,4
442,190905,1909,5
443,190906,1909,6
444,190907,1909,7
445,190908,1909,8
446,190909,1909,9
447,190910,1909,10
448,190911,1909,11
449,190912,1909,12
450,191001,1910,1
451,191002,1910,2
452,191003,1910,3
453,191004,1910,4
454,191005,1910,5
455,191006,1910,6
456,191007,1910,7
457,191008,1910,8
458,191009,1910,9
459,191010,1910,10
460,191011,1910,11
461,191012,1910,12
462,191101,1911,1
463,191102,1911,2
464,191103,1911,3
465,191104,1911,4
466,191105,1911,5
467,191106,1911,6
468,191107,1911,7
469,191108,1911,8
470,191109,1911,9
471,191110,1911,10
472,191111,1911,11
473,191112,1911,12
474,191201,1912,1
475,191202,1912,2
476,191203,1912,3
477,191204,1912,4
478,191205,1912,5
479,191206,1912,6
480,191207,1912,7
481,191208,1912,8
482,191209,1912,9
483,191210,1912,10
484,191211,1912,11
485,191212,1912,12
486,191301,1913,1
487,191302,1913,2
488,191303,1913,3
489,191304,1913,4
490,191305,1913,5
491,191306,1913,6
492,191307,1913,7
493,191308,1913,8
494,191309,1913,9
495,191310,1913,10
496,191311,1913,11
497,191312,1913,12
498,191401,1914,1
499,191402,1914,2
500,191403,1914,3
501,191404,1914,4
502,191405,1914,5
503,191406,1914,6
504,191407,1914,7
505,191408,1914,8
506,191409,1914,9
507,191410,1914,10
508,191411,1914,11
509,191412,1914,12
510,191501,1915,1
511,191502,1915,2
512,191503,1915,3
513,191504,1915,4
514,191505,1915,5
515,191506,1915,6
516,191507,1915,7
517,191508,1915,8
518,191509,1915,9
519,191510,1915,10
520,191511,1915,11
521,191512,1915,12
522,191601,1916,1
523,191602,1916,2
524,191603,1916,3
525,191604,1916,4
526,191605,1916,5
527,191606,1916,6
528,191607,1916,7
529,191608,1916,8
530,191609,1916,9
531,191610,1916,10
532,191611,1916,11
533,191612,1916,12
534,191701,1917,1
535,191702,1917,2
536,191703,1917,3
537,191704,1917,4
538,191705,1917,5
539,191706,1917,6
540,191707,1917,7
541,191708,1917,8
542,191709,1917,9
543,191710,1917,10
544,191711,1917,11
545,191712,1917,12
546,191801,1918,1
547,191802,1918,2
548,191803,1918,3
549,191804,1918,4
550,191805,1918,5
551,191806,1918,6
552,191807,1918,7
553,191808,1918,8
554,191809,1918,9
555,191810,1918,10
556,191811,1918,11
557,191812,1918,12
558,191901,1919,1
559,191902,1919,2
560,191903,1919,3
561,191904,1919,4
562,191905,1919,5
563,191906,1919,6
564,191907,1919,7
565,191908,1919,8
566,191909,1919,9
567,191910,1919,10
568,191911,1919,11
569,191912,1919,12
570,192001,1920,1
571,192002,1920,2
572,192003,1920,3
573,192004,1920,4
574,192005,1920,5
575,192006,1920,6
576,192007,1920,7
577,192008,1920,8
578,192009,1920,9
579,192010,1920,10
580,192011,1920,11
581,192012,1920,12
582,192101,1921,1
583,192102,1921,2
584,192103,1921,3
585,192104,1921,4
586,192105,1921,5
587,192106,1921,6
588,192107,1921,7
589,192108,1921,8
590,192109,1921,9
591,192110,1921,10
592,192111,1921,11
593,192112,1921,12
594,192201,1922,1
595,192202,1922,2
596,192203,1922,3
597,192204,1922,4
598,192205,1922,5
599,192206,1922,6
600,192207,1922,7
601,192208,1922,8
602,192209,1922,9
603,192210,1922,10
604,192211,1922,11
605,192212,1922,12
606,192301,1923,1
607,192302,1923,2
608,192303,1923,3
609,192304,1923,4
610,192305,1923,5
611,192306,1923,6
612,192307,1923,7
613,192308,1923,8
614,192309,1923,9
615,192310,1923,10
616,192311,1923,11
617,192312,1923,12
618,192401,1924,1
619,192402,1924,2
620,192403,1924,3
621,192404,1924,4
622,192405,1924,5
623,192406,1924,6
624,192407,1924,7
625,192408,1924,8
626,192409,1924,9
627,192410,1924,10
628,192411,1924,11
629,192412,1924,12
630,192501,1925,1
631,192502,1925,2
632,192503,1925,3
633,192504,1925,4
634,192505,1925,5
635,192506,1925,6
636,192507,1925,7
637,192508,1925,8
638,192509,1925,9
639,192510,1925,10
640,192511,1925,11
641,192512,1925,12
642,192601,1926,1
643,192602,1926,2
644,192603,1926,3
645,192604,1926,4
646,192605,1926,5
647,192606,1926,6
648,192607,1926,7
649,192608,1926,8
650,192609,1926,9
651,192610,1926,10
652,192611,1926,11
653,192612,1926,12
654,192701,1927,1
655,192702,1927,2
656,192703,1927,3
657,192704,1927,4
658,192705,1927,5
659,192706,1927,6
660,192707,1927,7
661,192708,1927,8
662,192709,1927,9
663,192710,1927,10
664,192711,1927,11
665,192712,1927,12
666,192801,1928,1
667,192802,1928,2
668,192803,1928,3
669,192804,1928,4
670,192805,1928,5
671,192806,1928,6
672,192807,1928,7
673,192808,1928,8
674,192809,1928,9
675,192810,1928,10
676,192811,1928,11
677,192812,1928,12
678,192901,1929,1
679,192902,1929,2
680,192903,1929,3
681,192904,1929,4
682,192905,1929,5
683,192906,1929,6
684,192907,1929,7
685,192908,1929,8
686,192909,1929,9
687,192910,1929,10
688,192911,1929,11
689,192912,1929,12
690,193001,1930,1
691,193002,1930,2
692,193003,1930,3
693,193004,1930,4
694,193005,1930,5
695,193006,1930,6
696,193007,1930,7
697,193008,1930,8
698,193009,1930,9
699,193010,1930,10
700,193011,1930,11
701,193012,1930,12
702,193101,1931,1
703,193102,1931,2
704,193103,1931,3
705,193104,1931,4
706,193105,1931,5
707,193106,1931,6
708,193107,1931,7
709,193108,1931,8
710,193109,1931,9
711,193110,1931,10
712,193111,1931,11
713,193112,1931,12
714,193201,1932,1
715,193202,1932,2
716,193203,1932,3
717,193204,1932,4
718,193205,1932,5
719,193206,1932,6
720,193207,1932,7
721,193208,1932,8
722,193209,1932,9
723,193210,1932,10
724,193211,1932,11
725,193212,1932,12
726,193301,1933,1
727,193302,1933,2
728,193303,1933,3
729,193304,1933,4
730,193305,1933,5
731,193306,1933,6
732,193307,1933,7
733,193308,1933,8
734,193309,1933,9
735,193310,1933,10
736,193311,1933,11
737,193312,1933,12
738,193401,1934,1
739,193402,1934,2
740,193403,1934,3
741,193404,1934,4
742,193405,1934,5
743,193406,1934,6
744,193407,1934,7
745,193408,1934,8
746,193409,1934,9
747,193410,1934,10
748,193411,1934,11
749,193412,1934,12
750,193501,1935,1
751,193502,1935,2
752,193503,1935,3
753,193504,1935,4
754,193505,1935,5
755,193506,1935,6
756,193507,1935,7
757,193508,1935,8
758,193509,1935,9
759,193510,1935,10
760,193511,1935,11
761,193512,1935,12
762,193601,1936,1
763,193602,1936,2
764,193603,1936,3
765,193604,1936,4
766,193605,1936,5
767,193606,1936,6
768,193607,1936,7
769,193608,1936,8
770,193609,1936,9
771,193610,1936,10
772,193611,1936,11
773,193612,1936,12
774,193701,1937,1
775,193702,1937,2
776,193703,1937,3
777,193704,1937,4
778,193705,1937,5
779,193706,1937,6
780,193707,1937,7
781,193708,1937,8
782,193709,1937,9
783,193710,1937,10
784,193711,1937,11
785,193712,1937,12
786,193801,1938,1
787,193802,1938,2
788,193803,1938,3
789,193804,1938,4
790,193805,1938,5
791,193806,1938,6
792,193807,1938,7
793,193808,1938,8
794,193809,1938,9
795,193810,1938,10
796,193811,1938,11
797,193812,1938,12
798,193901,1939,1
799,193902,1939,2
800,193903,1939,3
801,193904,1939,4
802,193905,1939,5
803,193906,1939,6
804,193907,1939,7
805,193908,1939,8
806,193909,1939,9
807,193910,1939,10
808,193911,1939,11
809,193912,1939,12
810,194001,1940,1
811,194002,1940,2
812,194003,1940,3
813,194004,1940,4
814,194005,1940,5
815,194006,1940,6
816,194007,1940,7
817,194008,1940,8
818,194009,1940,9
819,194010,1940,10
820,194011,1940,11
821,194012,1940,12
822,194101,1941,1
823,194102,1941,2
824,194103,1941,3
825,194104,1941,4
826,194105,1941,5
827,194106,1941,6
828,194107,1941,7
829,194108,1941,8
830,194109,1941,9
831,194110,1941,10
832,194111,1941,11
833,194112,1941,12
834,194201,1942,1
835,194202,1942,2
836,194203,1942,3
837,194204,1942,4
838,194205,1942,5
839,194206,1942,6
840,194207,1942,7
841,194208,1942,8
842,194209,1942,9
843,194210,1942,10
844,194211,1942,11
845,194212,1942,12
846,194301,1943,1
847,194302,1943,2
848,194303,1943,3
849,194304,1943,4
850,194305,1943,5
851,194306,1943,6
852,194307,1943,7
853,194308,1943,8
854,194309,1943,9
855,194310,1943,10
856,194311,1943,11
857,194312,1943,12
858,194401,1944,1
859,194402,1944,2
860,194403,1944,3
861,194404,1944,4
862,194405,1944,5
863,194406,1944,6
864,194407,1944,7
865,194408,1944,8
866,194409,1944,9
867,194410,1944,10
868,194411,1944,11
869,194412,1944,12
870,194501,1945,1
871,194502,1945,2
872,194503,1945,3
873,194504,1945,4
874,194505,1945,5
875,194506,1945,6
876,194507,1945,7
877,194508,1945,8
878,194509,1945,9
879,194510,1945,10
880,194511,1945,11
881,194512,1945,12
882,194601,1946,1
883,194602,1946,2
884,194603,1946,3
885,194604,1946,4
886,194605,1946,5
887,194606,1946,6
888,194607,1946,7
889,194608,1946,8
890,194609,1946,9
891,194610,1946,10
892,194611,1946,11
893,194612,1946,12
894,194701,1947,1
895,194702,1947,2
896,194703,1947,3
897,194704,1947,4
898,194705,1947,5
899,194706,1947,6
900,194707,1947,7
901,194708,1947,8
902,194709,1947,9
903,194710,1947,10
904,194711,1947,11
905,194712,1947,12
906,194801,1948,1
907,194802,1948,2
908,194803,1948,3
909,194804,1948,4
910,194805,1948,5
911,194806,1948,6
912,194807,1948,7
913,194808,1948,8
914,194809,1948,9
915,194810,1948,10
916,194811,1948,11
917,194812,1948,12
918,194901,1949,1
919,194902,1949,2
920,194903,1949,3
921,194904,1949,4
922,194905,1949,5
923,194906,1949,6
924,194907,1949,7
925,194908,1949,8
926,194909,1949,9
927,194910,1949,10
928,194911,1949,11
929,194912,1949,12
930,195001,1950,1
931,195002,1950,2
932,195003,1950,3
933,195004,1950,4
934,195005,1950,5
935,195006,1950,6
936,195007,1950,7
937,195008,1950,8
938,195009,1950,9
939,195010,1950,10
940,195011,1950,11
941,195012,1950,12
942,195101,1951,1
943,195102,1951,2
944,195103,1951,3
945,195104,1951,4
946,195105,1951,5
947,195106,1951,6
948,195107,1951,7
949,195108,1951,8
950,195109,1951,9
951,195110,1951,10
952,195111,1951,11
953,195112,1951,12
954,195201,1952,1
955,195202,1952,2
956,195203,1952,3
957,195204,1952,4
958,195205,1952,5
959,195206,1952,6
960,195207,1952,7
961,195208,1952,8
962,195209,1952,9
963,195210,1952,10
964,195211,1952,11
965,195212,1952,12
966,195301,1953,1
967,195302,1953,2
968,195303,1953,3
969,195304,1953,4
970,195305,1953,5
971,195306,1953,6
972,195307,1953,7
973,195308,1953,8
974,195309,1953,9
975,195310,1953,10
976,195311,1953,11
977,195312,1953,12
978,195401,1954,1
979,195402,1954,2
980,195403,1954,3
981,195404,1954,4
982,195405,1954,5
983,195406,1954,6
984,195407,1954,7
985,195408,1954,8
986,195409,1954,9
987,195410,1954,10
988,195411,1954,11
989,195412,1954,12
990,195501,1955,1
991,195502,1955,2
992,195503,1955,3
993,195504,1955,4
994,195505,1955,5
995,195506,1955,6
996,195507,1955,7
997,195508,1955,8
998,195509,1955,9
999,195510,1955,10
1000,195511,1955,11
1001,195512,1955,12
1002,195601,1956,1
1003,195602,1956,2
1004,195603,1956,3
1005,195604,1956,4
1006,195605,1956,5
1007,195606,1956,6
1008,195607,1956,7
1009,195608,1956,8
1010,195609,1956,9
1011,195610,1956,10
1012,195611,1956,11
1013,195612,1956,12
1014,195701,1957,1
1015,195702,1957,2
1016,195703,1957,3
1017,195704,1957,4
1018,195705,1957,5
1019,195706,1957,6
1020,195707,1957,7
1021,195708,1957,8
1022,195709,1957,9
1023,195710,1957,10
1024,195711,1957,11
1025,195712,1957,12
1026,195801,1958,1
1027,195802,1958,2
1028,195803,1958,3
1029,195804,1958,4
1030,195805,1958,5
1031,195806,1958,6
1032,195807,1958,7
1033,195808,1958,8
1034,195809,1958,9
1035,195810,1958,10
1036,195811,1958,11
1037,195812,1958,12
1038,195901,1959,1
1039,195902,1959,2
1040,195903,1959,3
1041,195904,1959,4
1042,195905,1959,5
1043,195906,1959,6
1044,195907,1959,7
1045,195908,1959,8
1046,195909,1959,9
1047,195910,1959,10
1048,195911,1959,11
1049,195912,1959,12
1050,196001,1960,1
1051,196002,1960,2
1052,196003,1960,3
1053,196004,1960,4
1054,196005,1960,5
1055,196006,1960,6
1056,196007,1960,7
1057,196008,1960,8
1058,196009,1960,9
1059,196010,1960,10
1060,196011,1960,11
1061,196012,1960,12
1062,196101,1961,1
1063,196102,1961,2
1064,196103,1961,3
1065,196104,1961,4
1066,196105,1961,5
1067,196106,1961,6
1068,196107,1961,7
1069,196108,1961,8
1070,196109,1961,9
1071,196110,1961,10
1072,196111,1961,11
1073,196112,1961,12
1074,196201,1962,1
1075,196202,1962,2
1076,196203,1962,3
1077,196204,1962,4
1078,196205,1962,5
1079,196206,1962,6
1080,196207,1962,7
1081,196208,1962,8
1082,196209,1962,9
1083,196210,1962,10
1084,196211,1962,11
1085,196212,1962,12
1086,196301,1963,1
1087,196302,1963,2
1088,196303,1963,3
1089,196304,1963,4
1090,196305,1963,5
1091,196306,1963,6
1092,196307,1963,7
1093,196308,1963,8
1094,196309,1963,9
1095,196310,1963,10
1096,196311,1963,11
1097,196312,1963,12
1098,196401,1964,1
1099,196402,1964,2
1100,196403,1964,3
1101,196404,1964,4
1102,196405,1964,5
1103,196406,1964,6
1104,196407,1964,7
1105,196408,1964,8
1106,196409,1964,9
1107,196410,1964,10
1108,196411,1964,11
1109,196412,1964,12
1110,196501,1965,1
1111,196502,1965,2
1112,196503,1965,3
1113,196504,1965,4
1114,196505,1965,5
1115,196506,1965,6
1116,196507,1965,7
1117,196508,1965,8
1118,196509,1965,9
1119,196510,1965,10
1120,196511,1965,11
1121,196512,1965,12
1122,196601,1966,1
1123,196602,1966,2
1124,196603,1966,3
1125,196604,1966,4
1126,196605,1966,5
1127,196606,1966,6
1128,196607,1966,7
1129,196608,1966,8
1130,196609,1966,9
1131,196610,1966,10
1132,196611,1966,11
1133,196612,1966,12
1134,196701,1967,1
1135,196702,1967,2
1136,196703,1967,3
1137,196704,1967,4
1138,196705,1967,5
1139,196706,1967,6
1140,196707,1967,7
1141,196708,1967,8
1142,196709,1967,9
1143,196710,1967,10
1144,196711,1967,11
1145,196712,1967,12
1146,196801,1968,1
1147,196802,1968,2
1148,196803,1968,3
1149,196804,1968,4
1150,196805,1968,5
1151,196806,1968,6
1152,196807,1968,7
1153,196808,1968,8
1154,196809,1968,9
1155,196810,1968,10
1156,196811,1968,11
1157,196812,1968,12
1158,196901,1969,1
1159,196902,1969,2
1160,196903,1969,3
1161,196904,1969,4
1162,196905,1969,5
1163,196906,1969,6
1164,196907,1969,7
1165,196908,1969,8
1166,196909,1969,9
1167,196910,1969,10
1168,196911,1969,11
1169,196912,1969,12
1170,197001,1970,1
1171,197002,1970,2
1172,197003,1970,3
1173,197004,1970,4
1174,197005,1970,5
1175,197006,1970,6
1176,197007,1970,7
1177,197008,1970,8
1178,197009,1970,9
1179,197010,1970,10
1180,197011,1970,11
1181,197012,1970,12
1182,197101,1971,1
1183,197102,1971,2
1184,197103,1971,3
1185,197104,1971,4
1186,197105,1971,5
1187,197106,1971,6
1188,197107,1971,7
1189,197108,1971,8
1190,197109,1971,9
1191,197110,1971,10
1192,197111,1971,11
1193,197112,1971,12
1194,197201,1972,1
1195,197202,1972,2
1196,197203,1972,3
1197,197204,1972,4
1198,197205,1972,5
1199,197206,1972,6
1200,197207,1972,7
1201,197208,1972,8
1202,197209,1972,9
1203,197210,1972,10
1204,197211,1972,11
1205,197212,1972,12
1206,197301,1973,1
1207,197302,1973,2
1208,197303,1973,3
1209,197304,1973,4
1210,197305,1973,5
1211,197306,1973,6
1212,197307,1973,7
1213,197308,1973,8
1214,197309,1973,9
1215,197310,1973,10
1216,197311,1973,11
1217,197312,1973,12
1218,197401,1974,1
1219,197402,1974,2
1220,197403,1974,3
1221,197404,1974,4
1222,197405,1974,5
1223,197406,1974,6
1224,197407,1974,7
1225,197408,1974,8
1226,197409,1974,9
1227,197410,1974,10
1228,197411,1974,11
1229,197412,1974,12
1230,197501,1975,1
1231,197502,1975,2
1232,197503,1975,3
1233,197504,1975,4
1234,197505,1975,5
1235,197506,1975,6
1236,197507,1975,7
1237,197508,1975,8
1238,197509,1975,9
1239,197510,1975,10
1240,197511,1975,11
1241,197512,1975,12
1242,197601,1976,1
1243,197602,1976,2
1244,197603,1976,3
1245,197604,1976,4
1246,197605,1976,5
1247,197606,1976,6
1248,197607,1976,7
1249,197608,1976,8
1250,197609,1976,9
1251,197610,1976,10
1252,197611,1976,11
1253,197612,1976,12
1254,197701,1977,1
1255,197702,1977,2
1256,197703,1977,3
1257,197704,1977,4
1258,197705,1977,5
1259,197706,1977,6
1260,197707,1977,7
1261,197708,1977,8
1262,197709,1977,9
1263,197710,1977,10
1264,197711,1977,11
1265,197712,1977,12
1266,197801,1978,1
1267,197802,1978,2
1268,197803,1978,3
1269,197804,1978,4
1270,197805,1978,5
1271,197806,1978,6
1272,197807,1978,7
1273,197808,1978,8
1274,197809,1978,9
1275,197810,1978,10
1276,197811,1978,11
1277,197812,1978,12
1278,197901,1979,1
1279,197902,1979,2
1280,197903,1979,3
1281,197904,1979,4
1282,197905,1979,5
1283,197906,1979,6
1284,197907,1979,7
1285,197908,1979,8
1286,197909,1979,9
1287,197910,1979,10
1288,197911,1979,11
1289,197912,1979,12
1290,198001,1980,1
1291,198002,1980,2
1292,198003,1980,3
1293,198004,1980,4
1294,198005,1980,5
1295,198006,1980,6
1296,198007,1980,7
1297,198008,1980,8
1298,198009,1980,9
1299,198010,1980,10
1300,198011,1980,11
1301,198012,1980,12
1302,198101,1981,1
1303,198102,1981,2
1304,198103,1981,3
1305,198104,1981,4
1306,198105,1981,5
1307,198106,1981,6
1308,198107,1981,7
1309,198108,1981,8
1310,198109,1981,9
1311,198110,1981,10
1312,198111,1981,11
1313,198112,1981,12
1314,198201,1982,1
1315,198202,1982,2
1316,198203,1982,3
1317,198204,1982,4
1318,198205,1982,5
1319,198206,1982,6
1320,198207,1982,7
1321,198208,1982,8
1322,198209,1982,9
1323,198210,1982,10
1324,198211,1982,11
1325,198212,1982,12
1326,198301,1983,1
1327,198302,1983,2
1328,198303,1983,3
1329,198304,1983,4
1330,198305,1983,5
1331,198306,1983,6
1332,198307,1983,7
1333,198308,1983,8
1334,198309,1983,9
1335,198310,1983,10
1336,198311,1983,11
1337,198312,1983,12
1338,198401,1984,1
1339,198402,1984,2
1340,198403,1984,3
1341,198404,1984,4
1342,198405,1984,5
1343,198406,1984,6
1344,198407,1984,7
1345,198408,1984,8
1346,198409,1984,9
1347,198410,1984,10
1348,198411,1984,11
1349,198412,1984,12
1350,198501,1985,1
1351,198502,1985,2
1352,198503,1985,3
1353,198504,1985,4
1354,198505,1985,5
1355,198506,1985,6
1356,198507,1985,7
1357,198508,1985,8
1358,198509,1985,9
1359,198510,1985,10
1360,198511,1985,11
1361,198512,1985,12
1362,198601,1986,1
1363,198602,1986,2
1364,198603,1986,3
1365,198604,1986,4
1366,198605,1986,5
1367,198606,1986,6
1368,198607,1986,7
1369,198608,1986,8
1370,198609,1986,9
1371,198610,1986,10
1372,198611,1986,11
1373,198612,1986,12
1374,198701,1987,1
1375,198702,1987,2
1376,198703,1987,3
1377,198704,1987,4
1378,198705,1987,5
1379,198706,1987,6
1380,198707,1987,7
1381,198708,1987,8
1382,198709,1987,9
1383,198710,1987,10
1384,198711,1987,11
1385,198712,1987,12
1386,198801,1988,1
1387,198802,1988,2
1388,198803,1988,3
1389,198804,1988,4
1390,198805,1988,5
1391,198806,1988,6
1392,198807,1988,7
1393,198808,1988,8
1394,198809,1988,9
1395,198810,1988,10
1396,198811,1988,11
1397,198812,1988,12
1398,198901,1989,1
1399,198902,1989,2
1400,198903,1989,3
1401,198904,1989,4
1402,198905,1989,5
1403,198906,1989,6
1404,198907,1989,7
1405,198908,1989,8
1406,198909,1989,9
1407,198910,1989,10
1408,198911,1989,11
1409,198912,1989,12
1410,199001,1990,1
1411,199002,1990,2
1412,199003,1990,3
1413,199004,1990,4
1414,199005,1990,5
1415,199006,1990,6
1416,199007,1990,7
1417,199008,1990,8
1418,199009,1990,9
1419,199010,1990,10
1420,199011,1990,11
1421,199012,1990,12
1422,199101,1991,1
1423,199102,1991,2
1424,199103,1991,3
1425,199104,1991,4
1426,199105,1991,5
1427,199106,1991,6
1428,199107,1991,7
1429,199108,1991,8
1430,199109,1991,9
1431,199110,1991,10
1432,199111,1991,11
1433,199112,1991,12
1434,199201,1992,1
1435,199202,1992,2
1436,199203,1992,3
1437,199204,1992,4
1438,199205,1992,5
1439,199206,1992,6
1440,199207,1992,7
1441,199208,1992,8
1442,199209,1992,9
1443,199210,1992,10
1444,199211,1992,11
1445,199212,1992,12
1446,199301,1993,1
1447,199302,1993,2
1448,199303,1993,3
1449,199304,1993,4
1450,199305,1993,5
1451,199306,1993,6
1452,199307,1993,7
1453,199308,1993,8
1454,199309,1993,9
1455,199310,1993,10
1456,199311,1993,11
1457,199312,1993,12
1458,199401,1994,1
1459,199402,1994,2
1460,199403,1994,3
1461,199404,1994,4
1462,199405,1994,5
1463,199406,1994,6
1464,199407,1994,7
1465,199408,1994,8
1466,199409,1994,9
1467,199410,1994,10
1468,199411,1994,11
1469,199412,1994,12
1470,199501,1995,1
1471,199502,1995,2
1472,199503,1995,3
1473,199504,1995,4
1474,199505,1995,5
1475,199506,1995,6
1476,199507,1995,7
1477,199508,1995,8
1478,199509,1995,9
1479,199510,1995,10
1480,199511,1995,11
1481,199512,1995,12
1482,199601,1996,1
1483,199602,1996,2
1484,199603,1996,3
1485,199604,1996,4
1486,199605,1996,5
1487,199606,1996,6
1488,199607,1996,7
1489,199608,1996,8
1490,199609,1996,9
1491,199610,1996,10
1492,199611,1996,11
1493,199612,1996,12
1494,199701,1997,1
1495,199702,1997,2
1496,199703,1997,3
1497,199704,1997,4
1498,199705,1997,5
1499,199706,1997,6
1500,199707,1997,7
1501,199708,1997,8
1502,199709,1997,9
1503,199710,1997,10
1504,199711,1997,11
1505,199712,1997,12
1506,199801,1998,1
1507,199802,1998,2
1508,199803,1998,3
1509,199804,1998,4
1510,199805,1998,5
1511,199806,1998,6
1512,199807,1998,7
1513,199808,1998,8
1514,199809,1998,9
1515,199810,1998,10
1516,199811,1998,11
1517,199812,1998,12
1518,199901,1999,1
1519,199902,1999,2
1520,199903,1999,3
1521,199904,1999,4
1522,199905,1999,5
1523,199906,1999,6
1524,199907,1999,7
1525,199908,1999,8
1526,199909,1999,9
1527,199910,1999,10
1528,199911,1999,11
1529,199912,1999,12
1530,200001,2000,1
1531,200002,2000,2
1532,200003,2000,3
1533,200004,2000,4
1534,200005,2000,5
1535,200006,2000,6
1536,200007,2000,7
1537,200008,2000,8
1538,200009,2000,9
1539,200010,2000,10
1540,200011,2000,11
1541,200012,2000,12
1542,200101,2001,1
1543,200102,2001,2
1544,200103,2001,3
1545,200104,2001,4
1546,200105,2001,5
1547,200106,2001,6
1548,200107,2001,7
1549,200108,2001,8
1550,200109,2001,9
1551,200110,2001,10
1552,200111,2001,11
1553,200112,2001,12
1554,200201,2002,1
1555,200202,2002,2
1556,200203,2002,3
1557,200204,2002,4
1558,200205,2002,5
1559,200206,2002,6
1560,200207,2002,7
1561,200208,2002,8
1562,200209,2002,9
1563,200210,2002,10
1564,200211,2002,11
1565,200212,2002,12
1566,200301,2003,1
1567,200302,2003,2
1568,200303,2003,3
1569,200304,2003,4
1570,200305,2003,5
1571,200306,2003,6
1572,200307,2003,7
1573,200308,2003,8
1574,200309,2003,9
1575,200310,2003,10
1576,200311,2003,11
1577,200312,2003,12
1578,200401,2004,1
1579,200402,2004,2
1580,200403,2004,3
1581,200404,2004,4
1582,200405,2004,5
1583,200406,2004,6
1584,200407,2004,7
1585,200408,2004,8
1586,200409,2004,9
1587,200410,2004,10
1588,200411,2004,11
1589,200412,2004,12
1590,200501,2005,1
1591,200502,2005,2
1592,200503,2005,3
1593,200504,2005,4
1594,200505,2005,5
1595,200506,2005,6
1596,200507,2005,7
1597,200508,2005,8
1598,200509,2005,9
1599,200510,2005,10
1600,200511,2005,11
1601,200512,2005,12
1602,200601,2006,1
1603,200602,2006,2
1604,200603,2006,3
1605,200604,2006,4
1606,200605,2006,5
1607,200606,2006,6
1608,200607,2006,7
1609,200608,2006,8
1610,200609,2006,9
1611,200610,2006,10
1612,200611,2006,11
1613,200612,2006,12
1614,200701,2007,1
1615,200702,2007,2
1616,200703,2007,3
1617,200704,2007,4
1618,200705,2007,5
1619,200706,2007,6
1620,200707,2007,7
1621,200708,2007,8
1622,200709,2007,9
1623,200710,2007,10
1624,200711,2007,11
1625,200712,2007,12
1626,200801,2008,1
1627,200802,2008,2
1628,200803,2008,3
1629,200804,2008,4
1630,200805,2008,5
1631,200806,2008,6
1632,200807,2008,7
1633,200808,2008,8
1634,200809,2008,9
1635,200810,2008,10
1636,200811,2008,11
1637,200812,2008,12
1638,200901,2009,1
1639,200902,2009,2
1640,200903,2009,3
1641,200904,2009,4
1642,200905,2009,5
1643,200906,2009,6
1644,200907,2009,7
1645,200908,2009,8
1646,200909,2009,9
1647,200910,2009,10
1648,200911,2009,11
1649,200912,2009,12
1650,201001,2010,1
1651,201002,2010,2
1652,201003,2010,3
1653,201004,2010,4
1654,201005,2010,5
1655,201006,2010,6
1656,201007,2010,7
1657,201008,2010,8
1658,201009,2010,9
1659,201010,2010,10
1660,201011,2010,11
1661,201012,2010,12
1662,201101,2011,1
1663,201102,2011,2
1664,201103,2011,3
1665,201104,2011,4
1666,201105,2011,5
1667,201106,2011,6
1668,201107,2011,7
1669,201108,2011,8
1670,201109,2011,9
1671,201110,2011,10
1672,201111,2011,11
1673,201112,2011,12
1674,201201,2012,1
1675,201202,2012,2
1676,201203,2012,3
1677,201204,2012,4
1678,201205,2012,5
1679,201206,2012,6
1680,201207,2012,7
1681,201208,2012,8
1682,201209,2012,9
1683,201210,2012,10
1684,201211,2012,11
1685,201212,2012,12
1686,201301,2013,1
1687,201302,2013,2
1688,201303,2013,3
1689,201304,2013,4
1690,201305,2013,5
1691,201306,2013,6
1692,201307,2013,7
1693,201308,2013,8
1694,201309,2013,9
1695,201310,2013,10
1696,201311,2013,11
1697,201312,2013,12
1698,201401,2014,1
1699,201402,2014,2
1700,201403,2014,3
1701,201404,2014,4
1702,201405,2014,5
1703,201406,2014,6
1704,201407,2014,7
1705,201408,2014,8
1706,201409,2014,9
1707,201410,2014,10
1708,201411,2014,11
1709,201412,2014,12
1710,201501,2015,1
1711,201502,2015,2
1712,201503,2015,3
1713,201504,2015,4
1714,201505,2015,5
1715,201506,2015,6
1716,201507,2015,7
1717,201508,2015,8
1718,201509,2015,9
1719,201510,2015,10
1720,201511,2015,11
1721,201512,2015,12
1722,201601,2016,1
1723,201602,2016,2
1724,201603,2016,3
1725,201604,2016,4
1726,201605,2016,5
1727,201606,2016,6
1728,201607,2016,7
1729,201608,2016,8
1730,201609,2016,9
1731,201610,2016,10
1732,201611,2016,11
1733,201612,2016,12
1734,201701,2017,1
1735,201702,2017,2
1736,201703,2017,3
1737,201704,2017,4
1738,201705,2017,5
1739,201706,2017,6
1740,201707,2017,7
1741,201708,2017,8
1742,201709,2017,9
1743,201710,2017,10
1744,201711,2017,11
1745,201712,2017,12
1746,201801,2018,1
1747,201802,2018,2
1748,201803,2018,3
1749,201804,2018,4
1750,201805,2018,5
1751,201806,2018,6
1752,201807,2018,7
1753,201808,2018,8
1754,201809,2018,9
1755,201810,2018,10
1756,201811,2018,11
1757,201812,2018,12
1758,201901,2019,1
1759,201902,2019,2
1760,201903,2019,3
1761,201904,2019,4
1762,201905,2019,5
1763,201906,2019,6
1764,201907,2019,7
1765,201908,2019,8
1766,201909,2019,9
1767,201910,2019,10
1768,201911,2019,11
1769,201912,2019,12
1770,202001,2020,1
1771,202002,2020,2
1772,202003,2020,3
1773,202004,2020,4
1774,202005,2020,5
1775,202006,2020,6
1776,202007,2020,7
1777,202008,2020,8
1778,202009,2020,9
1779,202010,2020,10
1780,202011,2020,11
1781,202012,2020,12
1782,202101,2021,1
1783,202102,2021,2
1784,202103,2021,3
1785,202104,2021,4
1786,202105,2021,5
1787,202106,2021,6
1788,202107,2021,7
1789,202108,2021,8
1790,202109,2021,9
1791,202110,2021,10
1792,202111,2021,11
1793,202112,2021,12
1794,202201,2022,1
1795,202202,2022,2
1796,202203,2022,3
1797,202204,2022,4
1798,202205,2022,5
1799,202206,2022,6
1800,202207,2022,7
1801,202208,2022,8
1802,202209,2022,9
1803,202210,2022,10
1804,202211,2022,11
1805,202212,2022,12
1806,202301,2023,1
1807,202302,2023,2
1808,202303,2023,3
1809,202304,2023,4
1810,202305,2023,5
1811,202306,2023,6
1812,202307,2023,7
1813,202308,2023,8
1814,202309,2023,9
1815,202310,2023,10
1816,202311,2023,11
1817,202312,2023,12
1818,202401,2024,1
1819,202402,2024,2
1820,202403,2024,3
1821,202404,2024,4
1822,202405,2024,5
1823,202406,2024,6
1824,202407,2024,7
1825,202408,2024,8
1826,202409,2024,9
1827,202410,2024,10
1828,202411,2024,11
1829,202412,2024,12
1830,202501,2025,1
1831,202502,2025,2
1832,202503,2025,3
1833,202504,2025,4
1834,202505,2025,5
1835,202506,2025,6
1836,202507,2025,7
1837,202508,2025,8
1838,202509,2025,9
1839,202510,2025,10
1840,202511,2025,11
1841,202512,2025,12
1842,202601,2026,1
1843,202602,2026,2
1844,202603,2026,3
